Order,total_studies,total_taxa,total_plastic,total_species_studied,percent_taxa,percent_plastic
Anseriformes,40,20,4,13,65,30.76923076923077
Charadriiformes,460,133,51,74,55.639097744360896,68.91891891891892
Gaviiformes,13,5,4,5,100,80
Pelecaniformes,4,8,2,3,37.5,66.66666666666666
Phaethontiformes,19,3,3,3,100,100
Procellariiformes,1065,143,92,105,73.42657342657343,87.61904761904762
Sphenisciformes,59,18,8,14,77.77777777777779,57.14285714285714
Suliformes,103,55,18,22,40,81.81818181818183
